Name,Username,Password
AARTHISHWARI C,25UAI001,Aids1@E
P AISHWARYA,25UAI010,Aids2@E
APARNAA M,25UAI016,Aids3@E
ARUN R,25UAI025,Aids4@E
ASHWIN KUMAR A M,25UAI027,Aids5@E
ATHAVAN BERNIER K,25UAI029,Aids6@E
BALAGANESH C,25UAI032,Aids7@E
BALAJI A,25UAI033,Aids8@E
BHARATHI M,25UAI037,Aids9@E
DIVYALAKSHMI A,25UAI064,Aids10@E
GAYATHRI V,25UAI071,Aids11@E
HARIPRASATH G,25UAI085,Aids12@E
HARSHITHA S,25UAI091,Aids13@E
HEMACHANDIRAN,25UAI092,Aids14@E
L HEMANTH,25UAI095,Aids15@E
IRFAN UMAR A,25UAI101,Aids16@E
JAIYASREE,25UAI103,Aids17@E
KALAIPRIYAN T,25UAI107,Aids18@E
KARISHMA L,25UAI112,Aids19@E
K KAVIYA,25UAI117,Aids20@E
KEVIN P,25UAI121,Aids21@E
KIRUTHIGA V,25UAI122,Aids22@E
KRISHNA S,25UAI125,Aids23@E
KRISHNAMBIGAI M,25UAI126,Aids24@E
KRUSHNA NATHAN V,25UAI127,Aids25@E
LALITH SHYAM E S,25UAI129,Aids26@E
LOGASRI A,25UAI132,Aids27@E
MEKANATH J,25UAI141,Aids28@E
MONISHA P,25UAI154,Aids29@E
NEMALAN L B,25UAI163,Aids30@E
NEVEYA E,25UAI164,Aids31@E
NIRANJANI A,25UAI167,Aids32@E
PRANISHK A S,25UAI182,Aids33@E
T RAGAVI,25UAI194,Aids34@E
RAJESHWARI J,25UAI196,Aids35@E
RITHIKA S,25UAI204,Aids36@E
ROSHAN A,25UAI206,Aids37@E
RUBEKA A,25UAI207,Aids38@E
SADHANASRI U,25UAI211,Aids39@E
SAMRITHA VARSHINI J,25UAI216,Aids40@E
SANJAI P,25UAI219,Aids41@E
SANJAIKUMAR I,25UAI220,Aids42@E
SARVIN A,25UAI224,Aids43@E
SHAMETHA D,25UAI227,Aids44@E
SHAN B J COSMON,25UAI229,Aids45@E
SHREE RAGAV,25UAI236,Aids46@E
SIDDARTH R,25UAI238,Aids47@E
SONIA SIVAPEROUMAL,25UAI240,Aids48@E
SRIWAQUE J,25UAI246,Aids49@E
SUJAN V,25UAI248,Aids50@E
SWAMINATHAN K S,25UAI254,Aids51@E
THARIGA T,25UAI256,Aids52@E
VASANTHKUMAR A,25UAI267,Aids53@E
VISHAL RAJU J,25UAI271,Aids54@E
VISHVA A,25UAI272,Aids55@E
YAZHINI I,25UAI275,Aids56@E
